<?xml version="1.0" encoding="UTF-8"?>
<project-private xmlns="http://www.netbeans.org/ns/project-private/1">
    <editor-bookmarks xmlns="http://www.netbeans.org/ns/editor-bookmarks/2" lastBookmarkId="0"/>
    <open-files xmlns="http://www.netbeans.org/ns/projectui-open-files/2">
        <group>
            <file>file:/E:/NetBeans/FA2017PROJECT_Tarell/src/FA2017PROJECT_StudentSystem_Tarell.java</file>
            <file>file:/E:/NetBeans/FA2017PROJECT_Tarell/src/FA2017PROJECT_AClass_Tarell.java</file>
            <file>file:/E:/NetBeans/FA2017PROJECT_Tarell/src/FA2017PROJECT_SinglyLinkedList_Tarell.java</file>
            <file>file:/E:/NetBeans/FA2017PROJECT_Tarell/src/FA2017PROJECT_Student_Tarell.java</file>
        </group>
    </open-files>
</project-private>
